{
    "body": {
        "yperite_1674667940": {
            "dm": [
                349102495114592258
            ],
            "guild": [
                505977333182758913
            ],
            "author": [
                349102495114592258
            ]
        },
        "yperite_1674672606": {
            "dm": [
                349102495114592258
            ],
            "guild": [
                505977333182758913
            ],
            "author": [
                349102495114592258
            ]
        },
        "yperite_1674672744": {
            "dm": [
                349102495114592258
            ],
            "guild": [
                505977333182758913
            ],
            "author": [
                349102495114592258
            ]
        }
    },
    "old_body": {
        "1674667940.338916": {
            "yperite_1674667940": {}
        },
        "1674672606.5380175": {
            "yperite_1674672606": {}
        },
        "1674672744.9849992": {
            "yperite_1674672744": {}
        }
    }
}